product,denom,productCode,txnType
Air Pahang ( PAIP ),3.00-1000.00,AIRPAHANG,ETU
Air Perlis,5.00-800.00,AIRPERLIS,ETU
Air Pahang Online (PAIP),3.00-1000.00,AIRPHGON,ETU
Air Selangor Online,6.00-500.00,AISONL,ETU
Apex Legend,97.4,APEX,PIN
Astro Bill Payment,0.00-500.00,ASTRO,ETU|AccountInquiry
BATTLE.NET US$5,23,BATTLE.NET,PIN
BATTLE.NET US$10,46,BATTLE.NET,PIN
BATTLE.NET US$20,91,BATTLE.NET,PIN
BeONE 5,5,BEONE,ETU
BeONE 10,10,BEONE,PIN|ETU
BeONE 20,20,BEONE,PIN|ETU
BeONE 30,30,BEONE,PIN|ETU
BeONE 50,50,BEONE,PIN|ETU
BeONE 60,60,BEONE,PIN|ETU
Bigo Live,5.2,BIGO,PIN
Bigo Live,9.5,BIGO,PIN
Bigo Live,18.9,BIGO,PIN
Bigo Live,47.2,BIGO,PIN
Bigo Live,94.3,BIGO,PIN
Celcom AT,5,CELCOMAIRTIMEST,PIN|ETU
Celcom AT,10,CELCOMAIRTIMEST,PIN|ETU
Celcom AT,30,CELCOMAIRTIMEST,PIN|ETU
Celcom AT,50,CELCOMAIRTIMEST,PIN|ETU
Celcom AT,100,CELCOMAIRTIMEST,PIN|ETU
Celcom Bill Payment,0.00-500.00,CELCOMBILL,ETU|AccountInquiry
RM25 Unlimited 5G,25,CELCOMIRUL,ETU
RM39 Unlimited 5G,39,CELCOMIRUL,ETU
RM49 Unlimited 5G,49,CELCOMIRUL,ETU
Courts Mammoth,1.00-3200.00,COURTSMAM,ETU
Digi Internet,25,DIGIIR,PIN|ETU
Digi Internet,29,DIGIIR,PIN|ETU
Digi Internet,39,DIGIIR,PIN|ETU
Digi Internet,49,DIGIIR,PIN|ETU
Digi,5,DIGIST,PIN|ETU
Digi,10,DIGIST,PIN|ETU
Digi,30,DIGIST,PIN|ETU
Digi,50,DIGIST,PIN|ETU
Digi,100,DIGIST,PIN|ETU
ELK Desa,50.00-1500.00,ELKDESA,ETU
Garena,5.4,GARENAST,PIN
Garena,10.8,GARENAST,PIN
Garena,21.6,GARENAST,PIN
Garena,32.4,GARENAST,PIN
Garena,54,GARENAST,PIN
Garena,108,GARENAST,PIN
Grab Driver,10,GRABCAR,PIN
Grab Driver,30,GRABCAR,PIN
Grab Driver,50,GRABCAR,PIN
Grab Driver,100,GRABCAR,PIN
Indah Water Bill,10.00-1000.00,INDAHWATER,ETU
ManjaLink,50,MANJALINK,PIN
ManjaLink,150,MANJALINK,PIN
ManjaLink,300,MANJALINK,PIN
Mara,10.00-500.00,MARA,ETU
Maxis Bill Payment,30.00-500.00,MAXISBILL,ETU
Hotlink,5,MAXISHOTLINKST,PIN|ETU
Hotlink,10,MAXISHOTLINKST,PIN|ETU
Hotlink,30,MAXISHOTLINKST,PIN|ETU
Hotlink,60,MAXISHOTLINKST,PIN|ETU
Hotlink,100,MAXISHOTLINKST,PIN|ETU
Mcash,30,MCASHST,ETU
Mcash,50,MCASHST,ETU
Mcash,100,MCASHST,ETU
Mcash,150,MCASHST,ETU
HelloSIM,5,MERCHANTST,PIN
HelloSIM,10,MERCHANTST,PIN
HelloSIM,30,MERCHANTST,PIN
Razer Pin,5,MOLEPOINTST,PIN
Razer Pin,10,MOLEPOINTST,PIN
Razer Pin,20,MOLEPOINTST,PIN
Razer Pin,30,MOLEPOINTST,PIN
Razer Pin,40,MOLEPOINTST,PIN
Razer Pin,50,MOLEPOINTST,PIN
Razer Pin,100,MOLEPOINTST,PIN
Razer Pin,200,MOLEPOINTST,PIN
MOLPay CASH Payment,2.00-5000.00,MOLPMT,ETU
Bill Air MPSJ,10.00-1000.00,MPSJBA,ETU|AccountInquiry
Cukai Taksiran,10.00-1000.00,MPSJCT,ETU
Sewa Harta Majlis,10.00-1000.00,MPSJSH,ETU
MyPay Ambank AmKasih Balance,0,MYAMBBAL,ETU
MyPay Ambank AmKasih Payment,0.01-9999.00,MYAMBPAY,PMT
MyCard 50,7,MYCARDST,PIN
MyCard 150,21,MYCARDST,PIN
MyCard 350,49,MYCARDST,PIN
MyCard 450,63,MYCARDST,PIN
MyCard 500,70,MYCARDST,PIN
MyCard 1000,140,MYCARDST,PIN
MyCard 2000,280,MYCARDST,PIN
MyCard 3000,420,MYCARDST,PIN
Mydin Staff Balance,0,MYSTAFFBAL,ETU
Mydin Staff Payment,0-100000.00,MYSTAFFPAY,PMT
MyPay TNB P-card Balance,0,MYTNBBAL,ETU
MyPay TNB P-card Payment,0-1000.00,MYTNBPAY,PMT
Mydin Zakat Balance,0,MYZAKATCHKBAL,ETU
Mydin Zakat Payment,0-100000.00,MYZAKATPAY,PMT
Nintendo USD10,46,NINTENDO,PIN
Nintendo USD20,91,NINTENDO,PIN
Nintendo USD50,227,NINTENDO,PIN
Astro Njoi,10,NJOIST,PIN
Astro Njoi,15,NJOIST,PIN
Astro Njoi,20,NJOIST,PIN
Astro Njoi,30,NJOIST,PIN
Astro Njoi,35,NJOIST,PIN
Astro Njoi,45,NJOIST,PIN
Astro Njoi,100,NJOIST,PIN
Nur Distribution,5.00-1000.00,NUR,ETU
PSN 30,32.3,PLAYCOINST,PIN
PSN 50,53.4,PLAYCOINST,PIN
PSN 100,106.8,PLAYCOINST,PIN
PSN 200,213.6,PLAYCOINST,PIN
PSN 300,320.4,PLAYCOINST,PIN
Ranhill SAJ,5.00-800.00,PQAIRJHR,ETU
PayQuik - Air Kuching,5.00-800.00,PQAIRKCH,ETU
Air Kedah,5.00-800.00,PQAIRKDH,ETU
Air Kelantan,5.00-800.00,PQAIRKLT,ETU
PayQuik - Air Melaka,5.00-800.00,PQAIRMLK,ETU
SAINS,5.00-800.00,PQAIRNSBL,ETU|AccountInquiry
PayQuik - Air Perak,5.00-800.00,PQAIRPRK,ETU
PayQuik - Air Terengganu,5.00-800.00,PQAIRTGG,ETU
PayQuik - Sabah Electricity,5.00-800.00,PQSBHELECT,ETU
Konvensional,10.00-1000.00,PTPTNK,ETU
SSPN-i,10.00-1000.00,PTPTNS,ETU
Semak PTPTN,0,PTPTNSK,ETU
SSPN-i Plus,10.00-1000.00,PTPTNSP,ETU
Semak SSPN-i Plus,0,PTPTNSPPSK,ETU
Semak SSPN-i,0,PTPTNSPSK,ETU
Ujrah,10.00-1000.00,PTPTNU,ETU
PUBG Mobile,4.6,PUBGMG,PIN
PUBG Mobile,22.8,PUBGMG,PIN
PUBG Mobile,45.6,PUBGMG,PIN
PUBG Mobile,114,PUBGMG,PIN
RedONE Bill Payment,5.00-500.00,REDONEBILL,ETU
redONE Prepaid,10,REDONEST,PIN
redONE Prepaid,20,REDONEST,PIN
redONE Prepaid,30,REDONEST,PIN
redONE Prepaid,50,REDONEST,PIN
RingPLN 20k,9,REDRINGST,PIN
RingIndo 25k,11,REDRINGST,PIN
RingPLN 50k,21,REDRINGST,PIN
RingIndo 50k,21,REDRINGST,PIN
Redtone IDD,5,REDTONEIDDST,PIN
Redtone IDD,10,REDTONEIDDST,PIN
Redtone IDD,30,REDTONEIDDST,PIN
Riot Pins 375,12.9,RIOTPIN,PIN
Riot Pins 600,19.9,RIOTPIN,PIN
Riot Pins 1250,39.9,RIOTPIN,PIN
Riot Pins 1900,59.9,RIOTPIN,PIN
Riot Pins 3400,104.9,RIOTPIN,PIN
Riot Pins 6750,199.9,RIOTPIN,PIN
Roblox,54.2,ROBLOX,PIN
Roblox,135.4,ROBLOX,PIN
SemakMotorInsuran,0,SENANGMI,ETU
BayarMotorInsuran,1.00-3000.00,SENANGMI,ETU
Setel,10,SETEL,PIN
Setel,20,SETEL,PIN
Setel,50,SETEL,PIN
Setel,100,SETEL,PIN
sooka Entertainmt,14,SOOKA,PIN
sooka Entertnmt-R,15,SOOKA,PIN
sooka Sports,29,SOOKA,PIN
sooka Sports-R,32,SOOKA,PIN
sooka Premium,46,SOOKA,PIN
sooka Premium-R,50.9,SOOKA,PIN
Speak Out,3,SPEAKOUTST,PIN
Speak Out,10,SPEAKOUTST,PIN
Speak Out,30,SPEAKOUTST,PIN
Speak Out,50,SPEAKOUTST,PIN
Steam 5,5.6,STEAMWALLT,PIN
Steam 10,11.2,STEAMWALLT,PIN
Steam 20,22.5,STEAMWALLT,PIN
Steam 50,55.7,STEAMWALLT,PIN
Steam 100,111.3,STEAMWALLT,PIN
Sureplify,10.00-1500.00,SUREPLIFY,ETU
Sarawak Energy,10.00-800.00,SWKENERGY,ETU
Air Selangor,6.00-500.00,SYABAS,ETU
Tune Talk (TE),5,TETUNETALKST,ETU
Tune Talk (TE),10,TETUNETALKST,ETU
Tune Talk (TE),15,TETUNETALKST,ETU
Tune Talk (TE),20,TETUNETALKST,ETU
Tune Talk (TE),30,TETUNETALKST,ETU
Tune Talk (TE),50,TETUNETALKST,ETU
Tune Talk (TE),100,TETUNETALKST,ETU
Time Internet Offline,10.00-2000.00,TIME,ETU
Time Internet Online,10.00-2000.00,TIMEON,ETU
Telekom,10.00-500.00,TMBILL,ETU
TM / Streamyx / UNIFI,10.00-500.00,TMBILLEWL,ETU
TNB Bill Payment,10.00-1000.00,TNBBILL,ETU|AccountInquiry
TNG Pin,10,TNGPIN,PIN
TNG Pin,20,TNGPIN,PIN
TNG Pin,50,TNGPIN,PIN
TNG Pin,100,TNGPIN,PIN
TNG Pin,150,TNGPIN,PIN
TNG Pin,200,TNGPIN,PIN
TNG Pin,500,TNGPIN,PIN
Touch N Go Reload,5,TNGRELOAD,ETU
Touch N Go Reload,10,TNGRELOAD,ETU
Touch N Go Reload,20,TNGRELOAD,ETU
Touch N Go Reload,50,TNGRELOAD,ETU
Touch N Go Reload,100,TNGRELOAD,ETU
Touch N Go Reload,105,TNGRELOAD,ETU
Touch N Go Reload,150,TNGRELOAD,ETU
Touch N Go Reload,200,TNGRELOAD,ETU
Touch N Go Reload,500,TNGRELOAD,ETU
TreatsUp,6,TREATSUP,PIN
TreatsUp,12,TREATSUP,PIN
TreatsUp,23,TREATSUP,PIN
True Money Reload,10.00-1000.00,TRUEMONEY,ETU
Tune Talk EPIK+,28,TUNETALKEP,PIN|ETU
Tune Talk EPIK+,35,TUNETALKEP,PIN|ETU
Tune Talk EPIK+,50,TUNETALKEP,PIN|ETU
Tune Talk,5,TUNETALKST,PIN|ETU
Tune Talk,10,TUNETALKST,PIN|ETU
Tune Talk,15,TUNETALKST,ETU
Tune Talk,20,TUNETALKST,ETU
Tune Talk,30,TUNETALKST,PIN|ETU
Tune Talk,50,TUNETALKST,PIN|ETU
Tune Talk,100,TUNETALKST,ETU
Ultratone,5,ULTRATONEST,PIN
Ultratone,10,ULTRATONEST,PIN
Ultratone,20,ULTRATONEST,PIN
Ultratone,30,ULTRATONEST,PIN
Ultratone,50,ULTRATONEST,PIN
Ultratone,100,ULTRATONEST,PIN
UMobile Bill Payment,10.00-500.00,UMOBILEBIL,ETU
UMobile Int GX,12,UMOBILEIRGX,ETU
UMobile Int GX,30,UMOBILEIRGX,ETU
UMobile Int GX,38,UMOBILEIRGX,ETU
UMobile Int GX,43,UMOBILEIRGX,ETU
UMobile Int UMI,30,UMOBILEIRI,ETU
UMobile Int UMI,36,UMOBILEIRI,ETU
UMobile Int UMI,50,UMOBILEIRI,ETU
UM Int GT30 Promo,25,UMOBILEIRP,ETU
UM 5G Borneo U,20,UMOBILEIRU,ETU
UM 5G Int U,25,UMOBILEIRU,ETU
UM 5G Int U,35,UMOBILEIRU,ETU
UM 5G Int U,40,UMOBILEIRU,ETU
UM 5G Int U,50,UMOBILEIRU,ETU
U Mobile,5,UMOBILEST,PIN|ETU
U Mobile,10,UMOBILEST,PIN|ETU
U Mobile,15,UMOBILEST,ETU
U Mobile,20,UMOBILEST,ETU
U Mobile,30,UMOBILEST,PIN|ETU
U Mobile,35,UMOBILEST,ETU
U Mobile,50,UMOBILEST,PIN|ETU
U Mobile,60,UMOBILEST,ETU
U Mobile,100,UMOBILEST,PIN|ETU
U Mobile,365,UMOBILEST,ETU
UMobile ULTRA Borneo,20,UMOBILEULT,ETU
UMobile ULTRA,28,UMOBILEULT,ETU
UMobile ULTRA,38,UMOBILEULT,ETU
UMobile ULTRA,50,UMOBILEULT,ETU
UMo Bill (Online),10.00-500.00,UMOBILON,ETU
UNIFI,10,UNIFI,PIN
UNIFI,30,UNIFI,PIN
UNIFI,50,UNIFI,PIN
Unipin,5,UNIPINOG,PIN
Unipin,10,UNIPINOG,PIN
Unipin,30,UNIPINOG,PIN
Unipin,50,UNIPINOG,PIN
Unipin,100,UNIPINOG,PIN
ONEXOX,5,XOXST,PIN|ETU
ONEXOX,10,XOXST,PIN|ETU
ONEXOX,30,XOXST,PIN|ETU
ONEXOX,50,XOXST,PIN|ETU
YES Bill Payment,10.00-500.00,YESBILL,ETU|AccountInquiry
YES,5,YESST,PIN|ETU
YES,10,YESST,PIN|ETU
YES,30,YESST,PIN|ETU
YES,50,YESST,PIN|ETU
YES,100,YESST,PIN|ETU
